Round Neck Red T-Shirt,shirt.clothes.boys.men.shirts.cloth.red.round.neck.man.man.boy,799,../IMAGES/img1.jpg,../IMAGES/img2.jpg,../IMAGES/img3.jpg,../IMAGES/img4.jpg,../IMAGES/img5.jpg,0
Grey Striped Polo Collar T-Shirt,shirt.clothes.boys.men.shirts.cloth.grey.striped.collar.man.boy,494,../IMAGES/img6.jpg,../IMAGES/img7.jpg,../IMAGES/img8.jpg,../IMAGES/img9.jpg,../IMAGES/img10.jpg,1
Navy Blue Solid Polo Collar T-Shirt,shirt.clothes.boys.men.shirts.cloth.navy.blue.polo.collar.solid.man.man.boy,899,../IMAGES/img11.jpg,../IMAGES/img12.jpg,../IMAGES/img13.jpg,../IMAGES/img14.jpg,../IMAGES/img15.jpg,2
Sea Green Solid Mandarin Collar T-Shirt,shirt.clothes.boys.men.shirts.cloth.sea.green.mandarin.collar.man.boy,599,../IMAGES/img16.jpg,../IMAGES/img17.jpg,../IMAGES/img18.jpg,../IMAGES/img19.jpg,../IMAGES/img20.jpg,3
Blue Striped Polo Collar T-Shirt,shirt.clothes.boys.men.shirts.cloth.blue.striped.polo.collar.man.boy,539,../IMAGES/img21.jpg,../IMAGES/img22.jpg,../IMAGES/img23.jpg,../IMAGES/img24.jpg,../IMAGES/img25.jpg,4
White Solid Round Neck T-Shirt,shirt.clothes.boys.men.shirts.cloth.white.solid.round.neck.man.boy,650,../IMAGES/img26.jpg,../IMAGES/img27.jpg,../IMAGES/img28.jpg,../IMAGES/img29.jpg,../IMAGES/img30.jpg,5
Pink & Navy Colourblocked Polo Collar T-Shirt,shirt.clothes.boys.men.shirts.cloth.pink.navy.colour.blocked.polo.collar.man.boy,604,../IMAGES/img31.jpg,../IMAGES/img32.jpg,../IMAGES/img33.jpg,../IMAGES/img34.jpg,../IMAGES/img35.jpg,6
Yellow Printed Round Neck T-Shirt,shirt.clothes.boys.men.shirts.cloth.yellow.printed.round.neck.man.boy,799,../IMAGES/img36.jpg,../IMAGES/img37.jpg,../IMAGES/img38.jpg,../IMAGES/img39.jpg,../IMAGES/img40.jpg,7
Magenta Dri-FIT Gym Sports T-Shirt,shirt.clothes.boys.men.shirts.cloth.magenta.dri.fit.gym.sports.man.boy,900,../IMAGES/img41.jpg,../IMAGES/img42.jpg,../IMAGES/img43.jpg,../IMAGES/img44.jpg,../IMAGES/img45.jpg,8
White Solid Polo Collar T-Shirt,shirt.clothes.boys.men.shirts.cloth.white.solid.polo.collar.man.boy,499,../IMAGES/img46.jpg,../IMAGES/img47.jpg,../IMAGES/img48.jpg,../IMAGES/img49.jpg,../IMAGES/img50.jpg,9
Teal Blue Solid Polo Collar T-Shirt,shirt.clothes.boys.men.shirts.cloth.teal.blue.solid.collar.man.boy,1044,../IMAGES/img51.jpg,../IMAGES/img52.jpg,../IMAGES/img53.jpg,../IMAGES/img54.jpg,../IMAGES/img55.jpg,10
Blue Printed Polo Collar T-Shirt,shirt.clothes.boys.men.shirts.cloth.blue.printed.collar.polo.man.boy,599,../IMAGES/img56.jpg,../IMAGES/img57.jpg,../IMAGES/img58.jpg,../IMAGES/img59.jpg,../IMAGES/img60.jpg,11
Grey Pure Cotton T-Shirt,shirt.clothes.boys.men.shirts.cloth.grey.pure.cotton.man.boy,589,../IMAGES/img61.jpg,../IMAGES/img62.jpg,../IMAGES/img63.jpg,../IMAGES/img64.jpg,../IMAGES/img65.jpg,12
Blue Printed Raw Edge Slim Fit Running T-Shirt,shirt.clothes.boys.men.shirts.cloth.blue.printed.raw.edge.slim.fit.running.man.boy,550,../IMAGES/img66.jpg,../IMAGES/img67.jpg,../IMAGES/img68.jpg,../IMAGES/img69.jpg,../IMAGES/img70.jpg,13
White & Grey Printed Polo Collar T-Shirt,shirt.clothes.boys.men.shirts.cloth.white.grey.typography.printed.polo.collar.man.boy,299,../IMAGES/img71.jpg,../IMAGES/img72.jpg,../IMAGES/img73.jpg,../IMAGES/img74.jpg,../IMAGES/img75.jpg,14
White Graphic Printed Slim Fit T-Shirt,shirt.clothes.boys.men.shirts.cloth.white.graphic.printed.slim.fit.man.boy,699,../IMAGES/img76.jpg,../IMAGES/img77.jpg,../IMAGES/img78.jpg,../IMAGES/img79.jpg,../IMAGES/img80.jpg,15
Charcoal Grey Striped Mandarin Collar T-Shirt,shirt.clothes.boys.men.shirts.cloth.charcoal.grey.striped.mandarin.collar.man.boy,349,../IMAGES/img81.jpg,../IMAGES/img82.jpg,../IMAGES/img83.jpg,../IMAGES/img84.jpg,../IMAGES/img85.jpg,16
iPhone 12 Pro Max 512 GB (Graphite),phone.smartphone.iphone.12.pro.max.512.graphite.flagship.iphone.iphone.pro max.pro.max.electronics.electronic.apple.apples,156000,../IMAGES/img86.jpg,../IMAGES/img87.jpg,../IMAGES/img88.jpg,../IMAGES/img89.jpg,../IMAGES/img90.jpg,17
Samsung Galaxy Z Fold3 5G (Phantom Black),phone.smartphone.samsung.galaxy.fold.5g.5g.phantom.black.256.phones.smartphones.phantom.black.black.electronics.electronic,150000,../IMAGES/img91.jpg,../IMAGES/img92.jpg,../IMAGES/img93.jpg,../IMAGES/img94.jpg,../IMAGES/img95.jpg,18
OnePlus 9 5G (Arctic Sky),phone.smartphone.one.plus.9.5g.arctic.sky.phones.smartphones.electronics.electronic,50000,../IMAGES/img96.jpg,../IMAGES/img97.jpg,../IMAGES/img98.jpg,../IMAGES/img99.jpg,../IMAGES/img100.jpg,19
Razer BlackShark V2 X (Black),pc.headset.headphone.headphones.razer.black.shark.v2.wired.black.gaming.razer.blackshark.v2.razer.blackshark.electronics.electronic,7300,../IMAGES/img101.jpg,../IMAGES/img102.jpg,../IMAGES/img103.jpg,../IMAGES/img104.jpg,../IMAGES/img105.jpg,20
HyperX Cloud Core,pc.hyperx.cloud.core.ps4.xbox.mobile.nintendo.gaming.headset.hyperx cloud core.cloud.core.electronics.electronic,6500,../IMAGES/img106.jpg,../IMAGES/img107.jpg,../IMAGES/img108.jpg,../IMAGES/img109.jpg,../IMAGES/img110.jpg,21
Apple Watch Series 6 (Space Grey),apple.watch.series.6.fitness.health.gps.cellular.apple.watch.apples.electronics.electronic,52900,../IMAGES/img111.jpg,../IMAGES/img112.jpg,../IMAGES/img113.jpg,../IMAGES/img114.jpg,../IMAGES/img115.jpg,22
SanDisk Ultra Dual Drive Go Type C 128 GB,pendrive.portable.sandisk.gb.usb.pendrives.usb.electronics.electronic,1440,../IMAGES/img116.jpg,../IMAGES/img117.jpg,../IMAGES/img118.jpg,../IMAGES/img119.jpg,../IMAGES/img120.jpg,23
HP USB 3.1 Flash Drive 256GB,pendrive.pendrives.hp.usb.usb.flash.drive.flash.drive.drive.256.gb.256.gb.electronics.electronic,4990,../IMAGES/img121.jpg,../IMAGES/img122.jpg,../IMAGES/img123.jpg,../IMAGES/img124.jpg,../IMAGES/img125.jpg,24
MSI GF75 Thin 144Hz Panel Laptop,laptop.laptops.gaming.laptops.gamings.laptop.msi.gf75.gf75.electronics.electronic.144hz.144hz.nvidia.nvidia.gtx.gtx.1650.gtx.8.gb.ram.i7.cpu.cpu.intel.intel.intel.processor.10th.generation.10th gen.i7-10750H.17.inches.screen.msi,74990,../IMAGES/img126.jpg,../IMAGES/img127.jpg,../IMAGES/img128.jpg,../IMAGES/img129.jpg,../IMAGES/img130.jpg,25
ASUS ROG Strix G17 144Hz 1TB SSD Gaming Laptop,asus.asus.rog.rog.Strix.strix.strix.g17.g17.gaming.gaming.gaming.laptop.laptops.gaming laptops.gaming.electronics.electronic laptop.laming.laptop.17.inches.screen.144hz.144Hz.fhd.fhd.amd.ryzen.7.5800H.geForce.rtx.3050.4gb.graphics.rtx.rtx.3050.rtx.geforce.geforce.nvidia,97900,../IMAGES/img131.jpg,../IMAGES/img132.jpg,../IMAGES/img133.jpg,../IMAGES/img134.jpg,../IMAGES/img135.jpg,26
ASUS ZenBook Flip S OLED,asus.asus.zen.book.zen.book.oled.oled.intel.evo.core.i7-1165G7.11th gen.intel.i7.laptop.laptops.uhd.touch.screen.13.inches.panel.13.inches.screen.electronics.electronic,148000,../IMAGES/img136.jpg,../IMAGES/img137.jpg,../IMAGES/img138.jpg,../IMAGES/img139.jpg,../IMAGES/img140.jpg,27
Apple AirPods Pro,apple.apple.airpods.pro.airpods pro.air pods.earphones.earphone.apples.electronics.electronic,20990,../IMAGES/img141.jpg,../IMAGES/img142.jpg,../IMAGES/img143.jpg,../IMAGES/img144.jpg,../IMAGES/img145.jpg,28
Bose Quiet Comfort 35 (Silver),bose.bose.headphones.headphone.silver headphones.silver.wireless headphone.wireless.comfort.35..electronics.electronic,29450,../IMAGES/img146.jpg,../IMAGES/img147.jpg,../IMAGES/img148.jpg,../IMAGES/img149.jpg,../IMAGES/img150.jpg,29
As A Man Thinketh,book.self.help.books.james.allen.as.a.man.thinketh.as.a.man.thinketh,60,../IMAGES/img151.jpg,../IMAGES/img152.jpg,../IMAGES/img153.jpg,../IMAGES/img154.jpg,../IMAGES/img155.jpg,30
The Case-Book of Sherlock Holmes,book.adventure.books.sherlock.holmes.sherlock.holmes.the.case.book.of.sherlock.holmes.action.arthur.conan.doyle.sir.arthur.conan.doyle,120,../IMAGES/img156.jpg,../IMAGES/img157.jpg,../IMAGES/img158.jpg,../IMAGES/img159.jpg,../IMAGES/img160.jpg,31
Treasure Island,books.adventure.action.book.treasure island.treasure.island.robert.louis.stevenson.robert.louis.stevenson,100,../IMAGES/img161.jpg,../IMAGES/img162.jpg,../IMAGES/img163.jpg,../IMAGES/img164.jpg,../IMAGES/img165.jpg,32
Journey to the Centre of the Earth,books.adventure.action.book.journey.to.the.centre.of.the.world.verne.jules.verne.jules.journey.to.the.centre.of.the.world.centre.of.the.world,130,../IMAGES/img166.jpg,../IMAGES/img167.jpg,../IMAGES/img168.jpg,../IMAGES/img169.jpg,../IMAGES/img170.jpg,33
The Secret Garden,books.adventure.action.book.the.secret.garden.the.secret.garden.frances.hodgson.burnett.frances.burnett.frances.burnett,125,../IMAGES/img171.jpg,../IMAGES/img172.jpg,../IMAGES/img173.jpg,../IMAGES/img174.jpg,../IMAGES/img175.jpg,34
Wuthering Heights,books.story.stories.wuthering.heights.wuthering.heights.emily.bronte.emily.bronte.book,110,../IMAGES/img176.jpg,../IMAGES/img177.jpg,../IMAGES/img178.jpg,../IMAGES/img179.jpg,../IMAGES/img180.jpg,35
The Little Prince,books.book.story.stories.children.child.the.little.prince.the.little.prince.little prince.little.prince.antoine.de.Saint.Exupéry.classics.classic.literature,130,../IMAGES/img181.jpg,../IMAGES/img182.jpg,../IMAGES/img183.jpg,../IMAGES/img184.jpg,../IMAGES/img185.jpg,36
Ghosts of The Silent Hills,books.book.horror.scary.anita.krishan.anita.krishan.ghosts.of.the.silent.hills.ghosts.of.the.silent.hills.classics.literatures.literature.classic.non.fictions.fiction,180,../IMAGES/img186.jpg,../IMAGES/img187.jpg,../IMAGES/img188.jpg,../IMAGES/img189.jpg,../IMAGES/img190.jpg,37
The Time Machine,books.book.expeditions.discoveries.the.time.machine.the.time.machine.hg.wells.h.g.wells.h.g.wells.fiction.science,90,../IMAGES/img191.jpg,../IMAGES/img192.jpg,../IMAGES/img193.jpg,../IMAGES/img194.jpg,../IMAGES/img195.jpg,38
Robison Crusoe,books.book.adventure.action.mystery.robinson.crusoe.robinson.crusoe.daniel.defoe.daniel.defoe,135,../IMAGES/img196.jpg,../IMAGES/img197.jpg,../IMAGES/img198.jpg,../IMAGES/img199.jpg,../IMAGES/img200.jpg,39
The Great Gatsby,books.book.adventure.action.The Great Gatsby.the great gatsby.F Scott Fitzgerald.f scott fitzgerald.fitzgerald,100,../IMAGES/img201.jpg,../IMAGES/img202.jpg,../IMAGES/img203.jpg,../IMAGES/img204.jpg,../IMAGES/img205.jpg,40
The Picture of Dorian Gray,books.book.literature.fiction.classic.the.picture.of.dorian.gray.classics,129,../IMAGES/img206.jpg,../IMAGES/img207.jpg,../IMAGES/img208.jpg,../IMAGES/img209.jpg,../IMAGES/img210.jpg,41
Three Men in a Boat,books.book.literature.fiction.classic.three.men.in.a.boat ,99,../IMAGES/img211.jpg,../IMAGES/img212.jpg,../IMAGES/img213.jpg,../IMAGES/img214.jpg,../IMAGES/img215.jpg,42
The Scarlet Letter,the.scarlet.letter.books.book.literature.fictions.classic.classsics,99,../IMAGES/img216.jpg,../IMAGES/img217.jpg,../IMAGES/img218.jpg,../IMAGES/img219.jpg,../IMAGES/img220.jpg,43
The Diary of a Young Girl,books.book.literature.histories.history.non.fictions.fiction.world.worlds,99,../IMAGES/img221.jpg,../IMAGES/img222.jpg,../IMAGES/img223.jpg,../IMAGES/img224.jpg,../IMAGES/img225.jpg,44
The Wind In The Willows,the.wind.in.the.willows.books.book.literatures.literature.classics.classic,423,../IMAGES/img226.jpg,../IMAGES/img227.jpg,../IMAGES/img228.jpg,../IMAGES/img229.jpg,../IMAGES/img230.jpg,45
12 Years A Slave: A True Story,12.years.a.slave.a.true.story.books.book.literatures.literature.non.fictions.fiction.worlds.world.histories.history.region.countries.regions.country,394,../IMAGES/img231.jpg,../IMAGES/img232.jpg,../IMAGES/img233.jpg,../IMAGES/img234.jpg,../IMAGES/img235.jpg,46
Men Black & White Blazer Low '77 Vintage Leather Sneakers,shoes.shoe.footwear.footwears.nike.black.white.low.77.vintage.leather.sneakers.men.nike,7195,../IMAGES/img236.jpg,../IMAGES/img237.jpg,../IMAGES/img238.jpg,../IMAGES/img239.jpg,../IMAGES/img240.jpg,47
Men Black Crater Remixa Sneakers,shoes.shoe.footwear.footwears.nike.men.black.crater.remixa.sneakers.sneaker,5495,../IMAGES/img241.jpg,../IMAGES/img242.jpg,../IMAGES/img243.jpg,../IMAGES/img244.jpg,../IMAGES/img245.jpg,48
Men Fluorescent Green Waffle One Crater Sneakers,men.fluorescent.green.waffle.one.crater.sneakers.shoes.footwears.footwear.shoe.nike,9295,../IMAGES/img246.jpg,../IMAGES/img247.jpg,../IMAGES/img248.jpg,../IMAGES/img249.jpg,../IMAGES/img250.jpg,49
Men Grey Solid Zoom Span 3 Running Shoes,men.grey.solid.zoom.span.3.running.shoes.shoes.shoe.footwear.footwears.nike,7195,../IMAGES/img251.jpg,../IMAGES/img252.jpg,../IMAGES/img253.jpg,../IMAGES/img254.jpg,../IMAGES/img255.jpg,50
Men Grey & Black Renew Retaliation TR 3 Gym Shoes,men.grey.black.renew.retaliation.tr.3.gym.shoes.shoe.footwears.footwear.nike,5995,../IMAGES/img256.jpg,../IMAGES/img257.jpg,../IMAGES/img258.jpg,../IMAGES/img259.jpg,../IMAGES/img260.jpg,51
Men Black Solid Air Zoom Structure 24 Running Shoes,men.black.solid.air.zoom.structure.24.running.shoes.footwear.footwears.shoe.nike,10295,../IMAGES/img261.jpg,../IMAGES/img262.jpg,../IMAGES/img263.jpg,../IMAGES/img264.jpg,../IMAGES/img265.jpg,52
Men Off-White & Grey RUN SWIFT 2 Running Shoes,men.off.white.grey.run.swift.2.running.shoes.footwears.footwear.shoe.nike,5495,../IMAGES/img266.jpg,../IMAGES/img267.jpg,../IMAGES/img268.jpg,../IMAGES/img269.jpg,../IMAGES/img270.jpg,53
Men Charcoal Grey & White Woven Design Uiflow Running Shoes,men.charcoal.grey.white.woven.design.uiflow.running.shoes.nike,2144,../IMAGES/img271.jpg,../IMAGES/img272.jpg,../IMAGES/img273.jpg,../IMAGES/img274.jpg,../IMAGES/img275.jpg,54
Men Charcoal Grey & Blue Woven Design Uiflow Running Shoes,men.charcoal.grey.blue.woven.design.uiflow.running.shoes.footwears.footwear.shoe.nike,2210,../IMAGES/img276.jpg,../IMAGES/img277.jpg,../IMAGES/img278.jpg,../IMAGES/img279.jpg,../IMAGES/img280.jpg,55
Men Navy Blue Woven Design Clear Factor Running Shoes,men.navy.blue.woven.design.clear.factor.running.shoes.footwears.footwear.shoe.nike,1749,../IMAGES/img281.jpg,../IMAGES/img282.jpg,../IMAGES/img283.jpg,../IMAGES/img284.jpg,../IMAGES/img285.jpg,56
Men Navy Blue Woven Design Adi-Shawt Running Shoes,men.navy.blue.woven.design.adi.shawt.running.shoes.footwears.footwear.shoe.nike,3999,../IMAGES/img286.jpg,../IMAGES/img287.jpg,../IMAGES/img288.jpg,../IMAGES/img289.jpg,../IMAGES/img290.jpg,57
Men Sea Green & Yellow STIN Tennis Shoes,men.sea.green.yellow.stin.tennis.shoes.footwears.footwear.shoe.man.nike,4799,../IMAGES/img291.jpg,../IMAGES/img292.jpg,../IMAGES/img293.jpg,../IMAGES/img294.jpg,../IMAGES/img295.jpg,58
Men Black Sneakers,men.black.sneakers.shoes.sneaker.footwear.footwear.nike,3374,../IMAGES/img296.jpg,../IMAGES/img297.jpg,../IMAGES/img298.jpg,../IMAGES/img299.jpg,../IMAGES/img300.jpg,59
